{
    "0": {
        "description": "",
        "time": "周五 7月 23 17:38:56 2021",
        "url": "https://cdn.jsdelivr.net/gh/xinhecuican/Resources/easy_capture_version/0.1.0.zip",
        "version": "0.1.0"
    },
    "1": {
        "description": "1. 实现了滚动截图\n2. 将矩形窗口和活动窗口截图合并\n3. 修复了绘图窗口复制到剪切板导致的内存泄露\n4. 修复了无法自动启动的错误\n4. 体验优化及bug修复",
        "time": "周二 8月 31 12:19:18 2021",
        "url": "https://cdn.jsdelivr.net/gh/xinhecuican/Resources/easy_capture_version/0.2.0.7z",
        "version": "0.2.0"
    },
    "2": {
        "description": "修复了中文路径无法保存的问题及不保存退出崩溃的问题",
        "time": "周二 8月 31 21:59:58 2021",
        "url": "https://cdn.jsdelivr.net/gh/xinhecuican/Resources/easy_capture_version/0.2.1.zip",
        "version": "0.2.1"
    },
    "3": {
        "description": "修复了无法更新的问题",
        "time": "周三 9月 1 08:25:36 2021",
        "url": "https://cdn.jsdelivr.net/gh/xinhecuican/Resources/easy_capture_version/0.2.2.zip",
        "version": "0.2.2"
    },
    "4": {
        "description": "1. 修复了图片保存时保存边框的问题\n2. 增加了文本框\n3. 增加了滚动截屏速度的调节",
        "time": "周一 9月 13 19:10:56 2021",
        "url": "https://cdn.jsdelivr.net/gh/xinhecuican/Resources/easy_capture_version/0.2.3.zip",
        "version": "0.2.3"
    },
    "5": {
        "description": "1. 修复若干bug\n2. 更新功能修复",
        "time": "周五 9月 17 09:39:03 2021",
        "url": "https://cdn.jsdelivr.net/gh/xinhecuican/Resources/easy_capture_version/0.2.4.zip",
        "version": "0.2.4"
    },
    "6": {
        "description": "1. 修复若干bug\n2. 修复上一版本引入的快捷键失效问题\n3. 减小不使用时的内存占用\n4. 完善了文本编辑功能，现在可以对每一小部分的文本格式进行设置\n5. 透明的颜色可以保存\n6. 对捕获窗口的样式进行了一些改进\n7. 改善了图片过大时滚动卡顿的问题",
        "time": "周五 9月 24 16:36:19 2021",
        "url": "https://cdn.jsdelivr.net/gh/xinhecuican/Resources/easy_capture_version/0.3.0.zip",
        "version": "0.3.0"
    },
    "7": {
        "description": "1. 修复启动崩溃的问题",
        "time": "周三 9月 29 10:21:56 2021",
        "url": "https://cdn.jsdelivr.net/gh/xinhecuican/Resources/easy_capture_version/0.3.1.zip",
        "version": "0.3.1"
    },
    "8": {
        "description": "1. 修复未联网时崩溃问题\n2. 修复若干bug",
        "time": "周二 10月 5 16:39:19 2021",
        "url": "https://cdn.jsdelivr.net/gh/xinhecuican/Resources/easy_capture_version/0.3.2.zip",
        "version": "0.3.2"
    },
    "9": {
        "description": "2. 修复若干bug",
        "time": "周一 11月 1 17:53:33 2021",
        "url": "https://cdn.jsdelivr.net/gh/xinhecuican/Resources/easy_capture_version/0.3.3.zip",
        "version": "0.3.3"
    },
    "10": {
        "description": "1. 修复截屏窗口打开过慢的问题\n2. 删除活动区域截屏功能",
        "time": "周一 11月 8 19:57:57 2021",
        "url": "https://cdn.jsdelivr.net/gh/xinhecuican/Resources/easy_capture_version/0.3.4.zip",
        "version": "0.3.4"
    },
    "11": {
        "description": "1. 保存时自动隐藏\n2. 修复了截图时有黑边的问题\n3. 扩充了滚动截图的适用范围，并稍微改进算法",
        "time": "周二 11月 30 19:25:08 2021",
        "url": "https://gitee.com/xinhecuican/Resources/raw/master/easy_capture_version/0.3.5.zip",
        "version": "0.3.5"
    },
    "12": {
        "description": "1. 现在可以在qq上截图了\n2. 进一步降低长时间不使用的内存占用和cpu消耗",
        "time": "周日 12月 5 10:37:26 2021",
        "url": "https://gitee.com/xinhecuican/Resources/raw/master/easy_capture_version/0.3.6.zip",
        "version": "0.3.6"
    },
    "13": {
        "description": "1. 增加了bug上传，更好的改进程序\n2. 使用新的架构实现绘图窗口，增加稳定性\n3. 修复了滚动截屏卡死的问题\n4. 进行了一些体验上的优化",
        "time": "周三 2月 23 11:21:34 2022",
        "url": "http://121.37.81.150:8200/easycapture/update/0.3.7.zip",
        "version": "0.3.7"
    },
    "update_sum": 14
}
