<?xml version="1.0" encoding="UTF-8"?>
<key_setting>
    <window name="MainWindow">
        <bind_key name="main_capture">
            <key id="16777249"/>
            <key id="78"/>
        </bind_key>
    </window>
    <window name="Paint_window">
        <bind_key name="save">
            <key id="16777249"/>
            <key id="83"/>
        </bind_key>
        <bind_key name="redo">
            <key id="16777249"/>
            <key id="88"/>
        </bind_key>
        <bind_key name="delete_shape">
            <key id="16777223"/>
        </bind_key>
        <bind_key name="new_capture">
            <key id="16777249"/>
            <key id="78"/>
        </bind_key>
        <bind_key name="undo">
            <key id="16777249"/>
            <key id="90"/>
        </bind_key>
    </window>
    <window name="Capture_window">
        <bind_key name="multi_window_separate">
            <key id="50"/>
        </bind_key>
        <bind_key name="leave">
            <key id="16777216"/>
        </bind_key>
        <bind_key name="one_window">
            <key id="49"/>
        </bind_key>
        <bind_key name="save2file">
            <key id="16777249"/>
            <key id="83"/>
        </bind_key>
        <bind_key name="enter_capture">
            <key id="16777220"/>
        </bind_key>
        <bind_key name="save2clip">
            <key id="16777249"/>
            <key id="69"/>
        </bind_key>
        <bind_key name="multi_window_combine">
            <key id="51"/>
        </bind_key>
    </window>
</key_setting>
