<?xml version="1.0" encoding="UTF-8"?>
<key_setting>
    <window name="Capture_window">
        <bind_key name="multi_window_combine">
            <key id="51"/>
        </bind_key>
        <bind_key name="move_all">
            <key id="16777249"/>
        </bind_key>
        <bind_key name="one_window">
            <key id="49"/>
        </bind_key>
        <bind_key name="leave">
            <key id="16777216"/>
        </bind_key>
        <bind_key name="multi_window_separate">
            <key id="50"/>
        </bind_key>
    </window>
</key_setting>
